id,price,brand,image,name
1$499.0$Adidas$https://cdn.shopify.com/s/files/1/0333/4127/6298/products/YeezyBoost350V2_Onyx_4e4eaf09-8474-454b-82e7-033ba0c88751_1024x1024@2x.jpg?v=1660675479$Yeezy Boost 350 v2
2$189798$Supra$https://stimg.cardekho.com/images/carexteriorimages/930x620/Toyota/Supra/9574/1673950511987/front-left-side-47.jpg$Ratatata
3$432.0$Adidas$https://images.stockx.com/images/adidas-Yeezy-Slide-Black-Product.jpg?fit=fill&bg=FFFFFF&w=140&h=75&fm=avif&auto=compress&dpr=2&trim=color&updated_at=1646687426&q=60$Slides
4$137000$RR$https://stat.overdrive.in/wp-content/uploads/2023/02/Untitled-design-54.png$Velar
5$120.0$Adidas$https://assets.adidas.com/images/w_766,h_766,f_auto,q_auto,fl_lossy,c_fill,g_auto/99c8d4660f4846c286acae2e00bba577_9366/advantage-base-court-lifestyle-shoes.jpg$Court Sneaker
6$162.0$Nike$https://images.stockx.com/360/Air-Jordan-1-Retro-High-OG-Washed-Black/Images/Air-Jordan-1-Retro-High-OG-Washed-Black/Lv2/img01.jpg?fm=avif&auto=compress&w=576&dpr=2&updated_at=1686248226&h=384&q=75$Air-Jordan-1-Retro-High-OG
7$110.0$Nike$https://static.nike.com/a/images/c_limit,w_592,f_auto/t_product_v1/54a510de-a406-41b2-8d62-7f8c587c9a7e/air-force-1-07-lv8-shoes-9KwrSk.png$Nike Air Force 1
8$599.0$Adidas$https://assets.adidas.com/images/h_840,f_auto,q_auto,fl_lossy,c_fill,g_auto/034ace0757e440099edcaf20015dd24f_9366/Rivalry_Low_Shoes_White_GZ9793_01_standard.jpg$CodeRed
9$123000$Ninja$https://imgd.aeplcdn.com/476x268/bw/models/kawasaki-ninja-h2r-standard20200803234022.jpg$H2R
10$799.0$Nike$https://images.vegnonveg.com/resized/700X573/9150/air-force-1-lv8-1-gs-team-redblack-white-6414648f705df.jpg$Air Force 1
11$78900$ducati$https://cdni.autocarindia.com/ExtraImages/20200826010904_Ducati-Panigale-V2-India.jpg$Panigale Red
12$699.0$Nike$https://images.vegnonveg.com/resized/700X573/9447/air-force-1-low-prm-diffused-bluediffused-blue-white-64799ea1d94cf.jpg$coders original
13$78900$ducati$https://cdni.autocarindia.com/ExtraImages/20200703091225_Ducati-Panigale-V2-White-Rosso.jpg$panigale
14$649.0$Adidas$https://assets.adidas.com/images/h_840,f_auto,q_auto,fl_lossy,c_fill,g_auto/8bfae89ae38a43debaa3aed7017f34c6_9366/Forum_Low_Shoes_White_GX7071_01_standard.jpg$CodeBlue